year,pdsi_MAM,pdsi_JJA,tmeanmax_MAM,tmeanmax_JJA,tmeanmean_MAM,tmeanmean_JJA,tmeanmin_MAM,tmeanmin_JJA,ppt_MAM,ppt_JJA,rad_MAM,rad_JJA
2016,-3.3033333333333332,-4.04,15.266666666666666,29.133333333333333,9.633333333333333,22.933333333333334,4,16.733333333333334,74.5,50.4,185.53333333333333,240.33333333333334
2017,-2.4233333333333333,1.5866666666666667,14.166666666666666,27.366666666666667,8.783333333333333,21.533333333333335,3.4,15.700000000000001,122.53333333333333,105.60000000000001,161.56666666666666,224.16666666666666
2018,2.4433333333333334,1.9233333333333333,14.333333333333334,28.4,8.9,22.85,3.466666666666667,17.3,120.86666666666667,102.73333333333333,175.86666666666667,227.53333333333333
2019,2.743333333333333,4.0200000000000005,14.033333333333333,28.133333333333333,8.716666666666667,22.383333333333333,3.4,16.633333333333333,109.46666666666667,115.33333333333333,174.43333333333334,235.76666666666668
2020,1.3166666666666667,-2.35,14.566666666666666,28.9,9.05,23.066666666666666,3.533333333333333,17.233333333333334,91.76666666666667,66.36666666666667,187.86666666666665,234.1
2021,-1.8366666666666667,0.9733333333333334,16,28.2,9.9,22.650000000000002,3.8,17.1,94.36666666666667,119.5,195.06666666666666,211.2
2022,0.3633333333333333,-2.6666666666666665,15.933333333333334,29.1,10.25,23,4.566666666666666,16.9,67.36666666666667,63.900000000000006,197.56666666666666,234.76666666666668
2023,-2.2600000000000002,-0.30000000000000016,15.9,26.96666666666667,10.083333333333332,21.6,4.266666666666667,16.233333333333334,85.5,140.53333333333333,203.3,207.13333333333333
2024,2.88,2.263333333333333,15.266666666666667,28.4,9.966666666666667,22.566666666666666,4.666666666666667,16.733333333333334,136.16666666666666,80.73333333333333,173.06666666666666,230
