"spp","mean","p5","p25","p75","p95"
"all",10.6937056648316,6.11448894943096,8.75854848553741,12.5075514248535,15.484520292524
