"spp","mean","p5","p25","p75","p95","spp_name"
"1",1.71779520389442,-0.843902367544436,0.642533203169349,2.79290276909302,4.31926573028294,"A. incana"
"2",4.4864406546218,0.582492960921443,2.77782650821467,6.14786253887921,8.50640211245785,"B. alleghaniensis"
"3",16.111580675208,6.27122693492124,11.899566001569,20.2455615731937,26.4682972118784,"B. papyrifera"
"4",6.30650811626125,2.19199586408465,4.53713416174957,7.98242575876129,10.6324898129335,"B. populifolia"
