"spp","mean","p5","p25","p75","p95"
"all",7.13014756547408,4.13558772962264,5.85041004861233,8.37710177141673,10.2435359127774
