"spp","mean","p5","p25","p75","p95","spp_name"
"1",3.02090451530992,-1.4624265003029,1.11959760167494,4.90498951303925,7.62769095185265,"A. incana"
"2",7.17918807767535,0.918452659532231,4.40739741461269,9.8468805758827,13.7133398875665,"B. alleghaniensis"
"3",22.584650351968,8.61458585248704,16.503205508383,28.4639213685188,37.5787879705209,"B. papyrifera"
"4",9.9900797143732,3.4245219942848,7.13352539530938,12.6663345053966,16.9891660105029,"B. populifolia"
