"spp","mean","p5","p25","p75","p95"
"all",7.15558116249638,4.09673707010478,5.87740922392871,8.37503605097323,10.3128352606824
