"spp","mean","p5","p25","p75","p95","spp_name"
"1",2.99115554844746,-1.49684036847668,1.04891501260639,4.89598093260617,7.64846767343434,"A. incana"
"2",7.10640589994593,0.736794957789274,4.39963302651302,9.7346946159327,13.8217567142293,"B. alleghaniensis"
"3",22.530936834869,8.76468625410436,16.7054358526925,28.0744865191822,37.027992448081,"B. papyrifera"
"4",9.98290189079602,3.18262946027287,7.09102613544145,12.7717963451715,17.0334422012197,"B. populifolia"
