"spp","mean","p5","p25","p75","p95"
"all",6.466775859843,3.77480417953672,5.31814235842082,7.58337356356519,9.23461706190193
