"spp","mean","p5","p25","p75","p95"
"all",10.6528500435146,6.19420475289202,8.72487708300882,12.523170635423,15.3258689183644
