"spp","mean","p5","p25","p75","p95","spp_name"
"1",1.91118420832158,-0.96840308360864,0.675548594390396,3.13223725557129,4.87035686915355,"A. incana"
"2",3.69612048667613,0.390676321815647,2.31327573471181,5.05791075808618,7.11841835852763,"B. alleghaniensis"
"3",13.9456432983331,5.57071409287693,10.4815733151408,17.3111199177758,22.5391395999918,"B. papyrifera"
"4",6.31415544604117,2.04213026406011,4.5196331335514,8.06420142877431,10.6818295255514,"B. populifolia"
