"spp","mean","p5","p25","p75","p95"
"all",9.62223968875994,5.5542597302939,7.86620739573927,11.3039245353941,13.8497793584547
