"spp","mean","p5","p25","p75","p95","spp_name"
"1",1.70061213923786,-0.863824932427192,0.602058360833807,2.78782476864036,4.33084981536037,"A. incana"
"2",4.44123920441417,0.467437513085084,2.7729709387147,6.07898115674371,8.57211099096317,"B. alleghaniensis"
"3",16.077617440092,6.37930590676204,12.0425042269689,19.9771460765156,26.0954238622831,"B. papyrifera"
"4",6.30112147815232,2.03802026158931,4.51042794558582,8.04750417976706,10.6594506350906,"B. populifolia"
