"spp","mean","p5","p25","p75","p95"
"all",12.0939424642655,6.8364973967547,9.86110019212944,14.167521153335,17.5830042419415
